Test File Name,No saturation Result,Round Robin Saturation Result,Chunking Saturation Result,All Passed
0,P,P,P,P
1,P,P,P,P
2,P,P,P,P
3,P,P,P,P
4,F,F,F,F
5,F,F,F,F
6,F,F,F,F
7,F,F,F,F
8,P,P,P,P
9,P,P,P,P
10,P,P,P,P
11,P,P,P,P
12,F,F,F,F
13,F,F,F,F
14,F,F,F,F
15,F,F,F,F
16,F,F,F,F
17,F,F,F,F
18,F,F,F,F
19,F,F,F,F
20,F,F,F,F
21,F,F,F,F
22,F,F,F,F
23,F,F,F,F
24,P,P,P,P
25,P,P,P,P
26,P,P,P,P
27,P,P,P,P
28,P,P,P,P
29,P,P,P,P
30,P,P,P,P
31,P,P,P,P
32,F,F,F,F
33,F,F,F,F
34,P,P,P,P
35,P,P,P,P
36,P,P,P,P
37,P,P,P,P
38,P,P,P,P
39,P,P,P,P
40,P,P,P,P
41,P,P,P,P
42,P,P,P,P
43,P,P,P,P
44,P,P,P,P
45,P,P,P,P
46,P,P,P,P
47,P,P,P,P
48,P,P,P,P
49,P,P,P,P
50,F,F,F,F
51,F,F,F,F
52,F,F,F,F
53,F,F,F,F
54,F,F,F,F
55,F,F,F,F
56,F,F,F,F
57,F,F,F,F
58,F,F,F,F
59,F,F,F,F
60,P,P,P,P
61,P,P,P,P
62,F,F,F,F
63,F,F,F,F
64,P,P,P,P
65,P,P,P,P
66,P,P,P,P
67,P,P,P,P
68,P,P,P,P
69,P,P,P,P
70,P,P,P,P
71,P,P,P,P
72,F,F,F,F
73,F,F,F,F
74,P,P,P,P
75,P,P,P,P
76,P,P,P,P
77,P,P,P,P
78,P,P,P,P
79,P,P,P,P
80,P,P,P,P
81,P,P,P,P
82,F,F,F,F
83,F,F,F,F
84,P,P,P,P
85,P,P,P,P
86,P,P,P,P
87,P,P,P,P
88,F,F,F,F
89,F,F,F,F
90,F,F,F,F
91,F,F,F,F
92,P,P,P,P
93,P,P,P,P
94,P,P,P,P
95,P,P,P,P
96,P,P,P,P
97,P,P,P,P
98,P,P,P,P
99,P,P,P,P
100,F,F,F,F
101,F,F,F,F
102,P,P,P,P
103,P,P,P,P
104,P,P,P,P
105,P,P,P,P
106,P,P,P,P
107,P,P,P,P
108,P,P,P,P
109,P,P,P,P
110,F,F,F,F
111,F,F,F,F
112,P,P,P,P
113,P,P,P,P
114,F,F,F,F
115,F,F,F,F
116,P,P,P,P
117,P,P,P,P
118,P,P,P,P
119,P,P,P,P
120,P,P,P,P
121,P,P,P,P
122,P,P,P,P
123,P,P,P,P
124,P,P,P,P
125,P,P,P,P
126,P,P,P,P
127,P,P,P,P
128,F,F,F,F
129,F,F,F,F
130,F,F,F,F
131,F,F,F,F
132,P,P,P,P
133,P,P,P,P
134,P,P,P,P
135,P,P,P,P
136,P,P,P,P
137,P,P,P,P
138,P,P,P,P
139,P,P,P,P
140,F,F,F,F
141,F,F,F,F
142,F,F,F,F
143,F,F,F,F
144,F,F,F,F
145,F,F,F,F
146,P,P,P,P
147,P,P,P,P
148,P,P,P,P
149,P,P,P,P
150,F,F,F,F
151,F,F,F,F
152,P,P,P,P
153,P,P,P,P
154,P,P,P,P
155,P,P,P,P
156,P,P,P,P
157,P,P,P,P
158,P,P,P,P
159,P,P,P,P
160,P,P,P,P
161,P,P,P,P
162,F,F,F,F
163,F,F,F,F
164,P,P,P,P
165,P,P,P,P
166,P,P,P,P
167,P,P,P,P
168,F,F,F,F
169,F,F,F,F
170,F,F,F,F
171,F,F,F,F
172,F,F,F,F
Total failures:,63,63,63,63
